country,load_shed_mwh
AT,0.01343304910339295
BE,0.010993402149042732
CH,0.011322597452915494
CZ,0.014270098270480331
DE,3.1138178332958715
DK,2789.3700429960536
FR,0.013889377750555548
NL,0.02700391345191685
PL,0.04015445793236222
