country,load_shed_mwh,country_load_mwh,hours_load_shed_gt_1mw,load_shed_share_pct
DK,2789.3700429960536,43162259.76577796,31,0.0064625208645995415
DE,3.1138178332958715,386382102.51725125,0,8.058908042089878e-07
PL,0.04015445793236222,185409823.9426574,0,2.1657136109886488e-08
NL,0.02700391345191685,122423089.70735842,0,2.2057859768502262e-08
CZ,0.014270098270480331,66194155.791800745,0,2.1557942842210734e-08
FR,0.013889377750555548,403783949.34757364,0,3.4398043243169368e-09
AT,0.01343304910339295,62525578.840110675,0,2.1484085957434652e-08
CH,0.011322597452915494,62346887.526390076,0,1.8160645867242186e-08
BE,0.010993402149042732,79460603.34300387,0,1.3835034830515982e-08
